team_id,status,note,setup_link,expires_at,email_subject,email_body
SKB-F39,ok,,https://sankalpbharat.stvincentngp.edu.in/final-round/setup-password?token=eyJ0ZWFtSWQiOiJTS0ItRjM5IiwicGFzc3dvcmRIYXNoRGlnZXN0IjoiYThhZWYwNGZmM2Y5MzkzN2MyYjhlZThmYWJjMTJjMmI4MjAzNTQ3MGU0ZDU4MWI0ZjlkOWIzMmUxOTFjNGM3ZSIsImV4cCI6MTc3NjQwNjU1MSwibm9uY2UiOiJhYjk3N2RiNjE5YjRiY2ZiMTQ2NWEwOWEifQ.QvFOroTRvNCQnNwr8cBhL1OzLBk7KZLlLbtIhZcrATQ,2026-04-17T06:15:51.523Z,Sankalp Bharat 2K26 Final Round Password Setup,"Hello SKB-F39,

Please set your Final Round portal password using this secure link:
https://sankalpbharat.stvincentngp.edu.in/final-round/setup-password?token=eyJ0ZWFtSWQiOiJTS0ItRjM5IiwicGFzc3dvcmRIYXNoRGlnZXN0IjoiYThhZWYwNGZmM2Y5MzkzN2MyYjhlZThmYWJjMTJjMmI4MjAzNTQ3MGU0ZDU4MWI0ZjlkOWIzMmUxOTFjNGM3ZSIsImV4cCI6MTc3NjQwNjU1MSwibm9uY2UiOiJhYjk3N2RiNjE5YjRiY2ZiMTQ2NWEwOWEifQ.QvFOroTRvNCQnNwr8cBhL1OzLBk7KZLlLbtIhZcrATQ

This link expires at: 2026-04-17T06:15:51.523Z

After setting your password, log in at https://sankalpbharat.stvincentngp.edu.in/final-round

Regards,
Sankalp Bharat Team"
